-- Tables

create table beitech_customer
(
	customer_id integer not null primary key autoincrement,
	name varchar(255) not null,
	email varchar(255) not null
);

create table beitech_order
(
	order_id integer not null primary key autoincrement,
	delivery_address varchar(255) not null,
	date date not null,
	customer_id integer not null references beitech_customer deferrable initially deferred
);

create table beitech_product
(
	product_id integer not null primary key autoincrement,
	name varchar(255) not null,
	price integer not null,
	product_description varchar(255) not null
);

create table beitech_order_detail
(
	id integer not null primary key autoincrement,
	quantity integer not null,
	order_id integer not null references beitech_order deferrable initially deferred,
	product_id integer not null references beitech_product deferrable initially deferred
);


create table beitech_product_customer
(
	id integer not null primary key autoincrement,
	customer_id integer not null references beitech_customer deferrable initially deferred,
	product_id integer not null references beitech_product deferrable initially deferred
);

-- Customers Data

insert into beitech_customer values (1, 'Meryl Sayers', 'msayers0@miibeian.gov.cn');
insert into beitech_customer values (2, 'Guinna Eckart', 'geckart1@tinypic.com');
insert into beitech_customer values (3, 'Marcel Woollacott', 'mwoollacott2@independent.co.uk');
insert into beitech_customer values (4, 'Magdaia Chalk', 'mchalk3@people.com.cn');
insert into beitech_customer values (5, 'Clemmy Girardet', 'cgirardet4@ow.ly');
insert into beitech_customer values (6, 'Virginie Wheowall', 'vwheowall5@jugem.jp');
insert into beitech_customer values (7, 'Valry Leifer', 'vleifer6@a8.net');
insert into beitech_customer values (8, 'Darda Doylend', 'ddoylend7@instagram.com');
insert into beitech_customer values (9, 'Zach Taffe', 'ztaffe8@issuu.com');
insert into beitech_customer values (10, 'Georgie Albrecht', 'galbrecht9@statcounter.com');
insert into beitech_customer values (11, 'Thedric Newcomen', 'tnewcomena@go.com');
insert into beitech_customer values (12, 'Rae Hosten', 'rhostenb@cyberchimps.com');
insert into beitech_customer values (13, 'Ailyn Tommeo', 'atommeoc@imdb.com');
insert into beitech_customer values (14, 'Jackqueline Gisburne', 'jgisburned@reuters.com');
insert into beitech_customer values (15, 'Stacey Kilgannon', 'skilgannone@army.mil');
insert into beitech_customer values (16, 'Erin Flanigan', 'eflaniganf@ucoz.ru');
insert into beitech_customer values (17, 'Cosimo Cowlishaw', 'ccowlishawg@irs.gov');
insert into beitech_customer values (18, 'Alfie Row', 'arowh@jugem.jp');
insert into beitech_customer values (19, 'Sibelle Hanbury-Brown', 'shanburybrowni@themeforest.net');
insert into beitech_customer values (20, 'Hope Behneke', 'hbehnekej@github.com');
insert into beitech_customer values (21, 'Fionnula Epine', 'fepinek@theatlantic.com');
insert into beitech_customer values (22, 'Gauthier Sammes', 'gsammesl@t-online.de');
insert into beitech_customer values (23, 'Clarence Fairnington', 'cfairningtonm@google.fr');
insert into beitech_customer values (24, 'Cinderella Robken', 'crobkenn@techcrunch.com');
insert into beitech_customer values (25, 'Jard McLenaghan', 'jmclenaghano@dmoz.org');
insert into beitech_customer values (26, 'Lem Reape', 'lreapep@globo.com');
insert into beitech_customer values (27, 'Ciel Rome', 'cromeq@foxnews.com');
insert into beitech_customer values (28, 'Vikky Cranmere', 'vcranmerer@lulu.com');
insert into beitech_customer values (29, 'Georgi Gillicuddy', 'ggillicuddys@marketwatch.com');
insert into beitech_customer values (30, 'Albrecht Cordell', 'acordellt@ed.gov');
insert into beitech_customer values (31, 'Tucker Mounce', 'tmounceu@hc360.com');
insert into beitech_customer values (32, 'Trenna McQuorkell', 'tmcquorkellv@oakley.com');
insert into beitech_customer values (33, 'Standford Leveridge', 'sleveridgew@gov.uk');
insert into beitech_customer values (34, 'Gasparo Robertshaw', 'grobertshawx@t.co');
insert into beitech_customer values (35, 'Lamond Haselhurst', 'lhaselhursty@discuz.net');
insert into beitech_customer values (36, 'Melony Simmell', 'msimmellz@nyu.edu');
insert into beitech_customer values (37, 'Sadye Mullard', 'smullard10@edublogs.org');
insert into beitech_customer values (38, 'Elbertine Sambles', 'esambles11@dailymail.co.uk');
insert into beitech_customer values (39, 'Brenn Scothern', 'bscothern12@statcounter.com');
insert into beitech_customer values (40, 'Lindy Crunkhurn', 'lcrunkhurn13@businesswire.com');
insert into beitech_customer values (41, 'Sallee Kubik', 'skubik14@telegraph.co.uk');
insert into beitech_customer values (42, 'Alexei McDavid', 'amcdavid15@smugmug.com');
insert into beitech_customer values (43, 'Imogene Stitch', 'istitch16@skyrock.com');
insert into beitech_customer values (44, 'Deidre Walklott', 'dwalklott17@netvibes.com');
insert into beitech_customer values (45, 'Abdul Luard', 'aluard18@guardian.co.uk');
insert into beitech_customer values (46, 'Maris Withinshaw', 'mwithinshaw19@storify.com');
insert into beitech_customer values (47, 'Stacy Gleaves', 'sgleaves1a@nhs.uk');
insert into beitech_customer values (48, 'Elaine Merkle', 'emerkle1b@ucoz.ru');
insert into beitech_customer values (49, 'Kellsie Overton', 'koverton1c@nsw.gov.au');
insert into beitech_customer values (50, 'Neysa Sobczak', 'nsobczak1d@bravesites.com');
insert into beitech_customer values (51, 'Dickie Branthwaite', 'dbranthwaite1e@phoca.cz');
insert into beitech_customer values (52, 'Bartlett McKernon', 'bmckernon1f@sitemeter.com');
insert into beitech_customer values (53, 'Ulla Pablos', 'upablos1g@desdev.cn');
insert into beitech_customer values (54, 'Dominik Corby', 'dcorby1h@telegraph.co.uk');
insert into beitech_customer values (55, 'Loralie Melan', 'lmelan1i@youtube.com');
insert into beitech_customer values (56, 'Torin Fabri', 'tfabri1j@sitemeter.com');
insert into beitech_customer values (57, 'Christalle Caroli', 'ccaroli1k@taobao.com');
insert into beitech_customer values (58, 'Eden Milverton', 'emilverton1l@zdnet.com');
insert into beitech_customer values (59, 'Koressa Sweett', 'ksweett1m@intel.com');
insert into beitech_customer values (60, 'Myrtie Dancy', 'mdancy1n@cmu.edu');
insert into beitech_customer values (61, 'Thekla Morrell', 'tmorrell1o@whitehouse.gov');
insert into beitech_customer values (62, 'Haleigh Readie', 'hreadie1p@prweb.com');
insert into beitech_customer values (63, 'Malory Lestrange', 'mlestrange1q@google.ru');
insert into beitech_customer values (64, 'Harman Durning', 'hdurning1r@themeforest.net');
insert into beitech_customer values (65, 'Hashim Jendrach', 'hjendrach1s@foxnews.com');
insert into beitech_customer values (66, 'Zerk Babber', 'zbabber1t@cnet.com');
insert into beitech_customer values (67, 'Fairfax Scanterbury', 'fscanterbury1u@ifeng.com');
insert into beitech_customer values (68, 'Kelsi Kleinplac', 'kkleinplac1v@facebook.com');
insert into beitech_customer values (69, 'Madalena Swayte', 'mswayte1w@amazon.co.jp');
insert into beitech_customer values (70, 'Drucill Alsop', 'dalsop1x@oakley.com');
insert into beitech_customer values (71, 'Donelle Gosker', 'dgosker1y@nationalgeographic.com');
insert into beitech_customer values (72, 'Sanderson Houseman', 'shouseman1z@boston.com');
insert into beitech_customer values (73, 'Beverly Moriarty', 'bmoriarty20@marriott.com');
insert into beitech_customer values (74, 'Milena Minghetti', 'mminghetti21@printfriendly.com');
insert into beitech_customer values (75, 'Fin Francesco', 'ffrancesco22@auda.org.au');
insert into beitech_customer values (76, 'Thain Hiers', 'thiers23@squidoo.com');
insert into beitech_customer values (77, 'Kenn Dicte', 'kdicte24@github.com');
insert into beitech_customer values (78, 'Daffie Matteucci', 'dmatteucci25@amazon.co.uk');
insert into beitech_customer values (79, 'Seamus Banthorpe', 'sbanthorpe26@vkontakte.ru');
insert into beitech_customer values (80, 'Fayth Mundow', 'fmundow27@earthlink.net');
insert into beitech_customer values (81, 'Marin Cundey', 'mcundey28@army.mil');
insert into beitech_customer values (82, 'Billie Beagin', 'bbeagin29@wikia.com');
insert into beitech_customer values (83, 'Karla MacCard', 'kmaccard2a@infoseek.co.jp');
insert into beitech_customer values (84, 'Freedman Yendle', 'fyendle2b@engadget.com');
insert into beitech_customer values (85, 'Vinson Poncet', 'vponcet2c@csmonitor.com');
insert into beitech_customer values (86, 'Erminia McCrae', 'emccrae2d@myspace.com');
insert into beitech_customer values (87, 'Corenda Curuclis', 'ccuruclis2e@yandex.ru');
insert into beitech_customer values (88, 'Sadye Newitt', 'snewitt2f@discuz.net');
insert into beitech_customer values (89, 'Daron Sizland', 'dsizland2g@bbc.co.uk');
insert into beitech_customer values (90, 'Albertine Espinel', 'aespinel2h@drupal.org');
insert into beitech_customer values (91, 'Shepperd Worthington', 'sworthington2i@redcross.org');
insert into beitech_customer values (92, 'Mason Dulwich', 'mdulwich2j@who.int');
insert into beitech_customer values (93, 'Audrie Durand', 'adurand2k@auda.org.au');
insert into beitech_customer values (94, 'Ilka Gaddesby', 'igaddesby2l@huffingtonpost.com');
insert into beitech_customer values (95, 'Beverlie Peal', 'bpeal2m@1und1.de');
insert into beitech_customer values (96, 'Randy Hertwell', 'rhertwell2n@google.de');
insert into beitech_customer values (97, 'Celie Champe', 'cchampe2o@auda.org.au');
insert into beitech_customer values (98, 'Ev Briand', 'ebriand2p@google.ca');
insert into beitech_customer values (99, 'Car Menat', 'cmenat2q@pbs.org');
insert into beitech_customer values (100, 'Humfried Whifen', 'hwhifen2r@yahoo.com');

-- Products Data

insert into beitech_product values (1, 'Fish - Bones', '1.36', 'luctus cum sociis natoque penatibus et magnis dis parturient montes nascetur ridiculus mus vivamus');
insert into beitech_product values (2, 'Tomatoes - Heirloom', '5.03', 'risus dapibus augue vel accumsan tellus nisi eu orci mauris lacinia sapien quis libero');
insert into beitech_product values (3, 'Iced Tea Concentrate', '7.89', 'sapien varius ut blandit non interdum in ante vestibulum ante ipsum primis in faucibus orci luctus');
insert into beitech_product values (4, 'Napkin - Cocktail,beige 2 - Ply', '5.25', 'sem fusce consequat nulla nisl nunc nisl duis bibendum felis sed interdum venenatis turpis enim blandit');
insert into beitech_product values (5, 'Grenadillo', '5.57', 'et ultrices posuere cubilia curae duis faucibus accumsan odio curabitur convallis duis consequat dui nec nisi volutpat');
insert into beitech_product values (6, 'Onions - Spanish', '2.38', 'in hac habitasse platea dictumst maecenas ut massa quis augue luctus tincidunt nulla mollis molestie lorem');
insert into beitech_product values (7, 'Beer - Blue', '7.09', 'habitasse platea dictumst maecenas ut massa quis augue luctus tincidunt nulla mollis');
insert into beitech_product values (8, 'Table Cloth 53x69 White', '3.47', 'elementum pellentesque quisque porta volutpat erat quisque erat eros viverra eget congue eget semper rutrum');
insert into beitech_product values (9, 'Lettuce - Frisee', '7.51', 'quam a odio in hac habitasse platea dictumst maecenas ut massa');
insert into beitech_product values (10, 'Propel Sport Drink', '2.07', 'vivamus vel nulla eget eros elementum pellentesque quisque porta volutpat erat quisque');
insert into beitech_product values (11, 'Bread - White, Unsliced', '5.71', 'ornare imperdiet sapien urna pretium nisl ut volutpat sapien arcu sed augue aliquam erat volutpat in congue etiam justo etiam');
insert into beitech_product values (12, 'Jam - Raspberry', '6.74', 'odio cras mi pede malesuada in imperdiet et commodo vulputate justo in');
insert into beitech_product values (13, 'Island Oasis - Raspberry', '3.27', 'turpis integer aliquet massa id lobortis convallis tortor risus dapibus augue vel accumsan tellus nisi eu orci mauris lacinia sapien');
insert into beitech_product values (14, 'Turkey - Breast, Bone - In', '8.67', 'sed nisl nunc rhoncus dui vel sem sed sagittis nam congue risus semper porta volutpat quam pede lobortis ligula sit');
insert into beitech_product values (15, 'Smoked Paprika', '2.80', 'quis odio consequat varius integer ac leo pellentesque ultrices mattis odio donec vitae nisi nam ultrices libero');
insert into beitech_product values (16, 'Lychee - Canned', '2.49', 'cubilia curae donec pharetra magna vestibulum aliquet ultrices erat tortor sollicitudin mi sit amet lobortis sapien sapien non');
insert into beitech_product values (17, 'Nantucket - 518ml', '3.22', 'eu nibh quisque id justo sit amet sapien dignissim vestibulum vestibulum ante ipsum primis in faucibus orci luctus');
insert into beitech_product values (18, 'Sauce - Hoisin', '7.47', 'nunc vestibulum ante ipsum primis in faucibus orci luctus et ultrices posuere cubilia curae mauris viverra diam vitae');
insert into beitech_product values (19, 'Wine - Coteaux Du Tricastin Ac', '7.92', 'ut nunc vestibulum ante ipsum primis in faucibus orci luctus et ultrices posuere cubilia curae mauris viverra diam vitae quam');
insert into beitech_product values (20, 'Broom And Brush Rack Black', '4.28', 'sed justo pellentesque viverra pede ac diam cras pellentesque volutpat dui maecenas tristique est et tempus');
insert into beitech_product values (21, 'Tomatoes - Vine Ripe, Red', '7.30', 'gravida sem praesent id massa id nisl venenatis lacinia aenean sit amet justo morbi ut odio cras mi pede malesuada');
insert into beitech_product values (22, 'Vaccum Bag 10x13', '1.13', 'justo lacinia eget tincidunt eget tempus vel pede morbi porttitor lorem id ligula suspendisse ornare');
insert into beitech_product values (23, 'Muffin - Mix - Bran And Maple 15l', '8.25', 'vestibulum ante ipsum primis in faucibus orci luctus et ultrices');
insert into beitech_product values (24, 'Brandy - Bar', '1.72', 'in sapien iaculis congue vivamus metus arcu adipiscing molestie hendrerit at vulputate vitae nisl');
insert into beitech_product values (25, 'Pork - Backs - Boneless', '3.87', 'donec pharetra magna vestibulum aliquet ultrices erat tortor sollicitudin mi sit');
insert into beitech_product values (26, 'Longos - Chicken Cordon Bleu', '2.04', 'id luctus nec molestie sed justo pellentesque viverra pede ac diam cras pellentesque volutpat dui maecenas tristique est et tempus');
insert into beitech_product values (27, 'Salt And Pepper Mix - Black', '8.89', 'erat curabitur gravida nisi at nibh in hac habitasse platea dictumst aliquam augue quam sollicitudin vitae consectetuer eget');
insert into beitech_product values (28, 'Passion Fruit', '7.50', 'nec molestie sed justo pellentesque viverra pede ac diam cras pellentesque volutpat dui maecenas tristique');
insert into beitech_product values (29, 'Wine - Savigny - Les - Beaune', '5.07', 'justo etiam pretium iaculis justo in hac habitasse platea dictumst etiam faucibus cursus urna ut');
insert into beitech_product values (30, 'Cheese - Goat', '7.94', 'etiam vel augue vestibulum rutrum rutrum neque aenean auctor gravida sem praesent id massa id nisl venenatis lacinia');
insert into beitech_product values (31, 'Sausage - Chorizo', '2.54', 'sapien dignissim vestibulum vestibulum ante ipsum primis in faucibus orci luctus et');
insert into beitech_product values (32, 'Bread - White, Unsliced', '8.92', 'tellus nisi eu orci mauris lacinia sapien quis libero nullam sit amet turpis elementum ligula');
insert into beitech_product values (33, 'Muffin Mix - Blueberry', '6.78', 'nulla neque libero convallis eget eleifend luctus ultricies eu nibh quisque id justo sit amet sapien dignissim vestibulum');
insert into beitech_product values (34, 'Hickory Smoke, Liquid', '5.44', 'in quam fringilla rhoncus mauris enim leo rhoncus sed vestibulum sit amet cursus id turpis');
insert into beitech_product values (35, 'Wine - Red, Mouton Cadet', '6.55', 'sit amet turpis elementum ligula vehicula consequat morbi a ipsum integer a nibh in quis justo maecenas');
insert into beitech_product values (36, 'Pail - 4l White, With Handle', '1.61', 'lorem quisque ut erat curabitur gravida nisi at nibh in hac');
insert into beitech_product values (37, 'Juice - Orange 1.89l', '6.33', 'nec condimentum neque sapien placerat ante nulla justo aliquam quis turpis');
insert into beitech_product values (38, 'Chicken - Base', '4.27', 'velit eu est congue elementum in hac habitasse platea dictumst morbi vestibulum velit id');
insert into beitech_product values (39, 'Wine - Zinfandel Rosenblum', '8.22', 'quisque porta volutpat erat quisque erat eros viverra eget congue eget semper rutrum nulla');
insert into beitech_product values (40, 'Godiva White Chocolate', '5.72', 'sagittis nam congue risus semper porta volutpat quam pede lobortis ligula sit amet eleifend pede libero quis orci nullam');
insert into beitech_product values (41, 'Beer - Mill St Organic', '0.95', 'et ultrices posuere cubilia curae mauris viverra diam vitae quam suspendisse potenti nullam porttitor lacus at turpis donec posuere metus');
insert into beitech_product values (42, 'The Pop Shoppe - Grape', '0.99', 'neque sapien placerat ante nulla justo aliquam quis turpis eget elit sodales');
insert into beitech_product values (43, 'Nantucket Cranberry Juice', '1.73', 'non mauris morbi non lectus aliquam sit amet diam in magna bibendum imperdiet nullam orci pede venenatis non sodales sed');
insert into beitech_product values (44, 'Filling - Mince Meat', '8.90', 'vel lectus in quam fringilla rhoncus mauris enim leo rhoncus sed vestibulum sit amet cursus id turpis');
insert into beitech_product values (45, 'Soup - Beef Conomme, Dry', '2.07', 'elementum nullam varius nulla facilisi cras non velit nec nisi vulputate nonummy maecenas tincidunt lacus at velit vivamus vel');
insert into beitech_product values (46, 'Longos - Penne With Pesto', '5.02', 'quis orci nullam molestie nibh in lectus pellentesque at nulla suspendisse potenti cras in purus eu magna vulputate luctus cum');
insert into beitech_product values (47, 'Mustard - Dijon', '5.66', 'habitasse platea dictumst etiam faucibus cursus urna ut tellus nulla ut erat id mauris vulputate elementum');
insert into beitech_product values (48, 'Lettuce - Boston Bib', '3.59', 'vulputate justo in blandit ultrices enim lorem ipsum dolor sit amet consectetuer adipiscing elit proin interdum');
insert into beitech_product values (49, 'Beets - Mini Golden', '6.03', 'ipsum aliquam non mauris morbi non lectus aliquam sit amet diam in');
insert into beitech_product values (50, 'Fish - Artic Char, Cold Smoked', '2.07', 'sed sagittis nam congue risus semper porta volutpat quam pede lobortis ligula sit amet eleifend pede libero quis orci nullam');
insert into beitech_product values (51, 'Peach - Halves', '8.57', 'nulla integer pede justo lacinia eget tincidunt eget tempus vel pede morbi porttitor lorem id ligula suspendisse');
insert into beitech_product values (52, 'Everfresh beitech_products', '7.80', 'ante ipsum primis in faucibus orci luctus et ultrices posuere cubilia curae duis faucibus accumsan odio curabitur convallis');
insert into beitech_product values (53, 'Guinea Fowl', '5.51', 'donec posuere metus vitae ipsum aliquam non mauris morbi non lectus aliquam sit amet diam in magna');
insert into beitech_product values (54, 'Wine - Alsace Gewurztraminer', '8.52', 'habitasse platea dictumst morbi vestibulum velit id pretium iaculis diam erat fermentum');
insert into beitech_product values (55, 'Beer - Rickards Red', '6.98', 'pretium iaculis justo in hac habitasse platea dictumst etiam faucibus cursus urna');
insert into beitech_product values (56, 'Tea - Herbal Orange Spice', '3.48', 'vulputate justo in blandit ultrices enim lorem ipsum dolor sit');
insert into beitech_product values (57, 'Radish', '1.67', 'sollicitudin mi sit amet lobortis sapien sapien non mi integer ac neque duis bibendum');
insert into beitech_product values (58, 'Beef - Tender Tips', '9.15', 'donec posuere metus vitae ipsum aliquam non mauris morbi non lectus aliquam sit amet');
insert into beitech_product values (59, 'Oil - Macadamia', '9.71', 'fermentum justo nec condimentum neque sapien placerat ante nulla justo aliquam quis turpis eget elit sodales scelerisque mauris sit amet');
insert into beitech_product values (60, 'Bread - Bagels, Plain', '6.37', 'suspendisse potenti in eleifend quam a odio in hac habitasse platea dictumst maecenas ut massa quis augue');
insert into beitech_product values (61, 'Soup - Campbells, Cream Of', '2.33', 'ipsum integer a nibh in quis justo maecenas rhoncus aliquam');
insert into beitech_product values (62, 'Lettuce - Lambs Mash', '6.10', 'enim blandit mi in porttitor pede justo eu massa donec dapibus duis at velit');
insert into beitech_product values (63, 'Island Oasis - Ice Cream Mix', '4.30', 'sit amet diam in magna bibendum imperdiet nullam orci pede venenatis');
insert into beitech_product values (64, 'Mcgillicuddy Vanilla Schnap', '1.19', 'in eleifend quam a odio in hac habitasse platea dictumst maecenas ut massa quis augue luctus tincidunt nulla');
insert into beitech_product values (65, 'Pork - Loin, Center Cut', '1.09', 'augue vestibulum rutrum rutrum neque aenean auctor gravida sem praesent id massa id nisl');
insert into beitech_product values (66, 'Rum - Dark, Bacardi, Black', '7.31', 'semper porta volutpat quam pede lobortis ligula sit amet eleifend pede libero quis orci nullam molestie nibh in');
insert into beitech_product values (67, 'Pepper - Black, Ground', '4.26', 'convallis nulla neque libero convallis eget eleifend luctus ultricies eu nibh quisque id justo sit amet sapien dignissim vestibulum vestibulum');
insert into beitech_product values (68, 'Grenadine', '1.45', 'id massa id nisl venenatis lacinia aenean sit amet justo morbi ut odio cras mi pede malesuada in imperdiet');
insert into beitech_product values (69, 'Pie Filling - Cherry', '1.79', 'vel pede morbi porttitor lorem id ligula suspendisse ornare consequat lectus in');
insert into beitech_product values (70, 'Heavy Duty Dust Pan', '3.41', 'ut suscipit a feugiat et eros vestibulum ac est lacinia nisi venenatis');
insert into beitech_product values (71, 'Vinegar - White Wine', '6.70', 'hac habitasse platea dictumst maecenas ut massa quis augue luctus tincidunt nulla mollis molestie lorem quisque');
insert into beitech_product values (72, 'Wine - Segura Viudas Aria Brut', '6.14', 'nulla facilisi cras non velit nec nisi vulputate nonummy maecenas tincidunt lacus at');
insert into beitech_product values (73, 'Chinese Foods - Plain Fried Rice', '8.73', 'convallis morbi odio odio elementum eu interdum eu tincidunt in leo maecenas pulvinar');
insert into beitech_product values (74, 'Gin - Gilbeys London, Dry', '3.51', 'etiam faucibus cursus urna ut tellus nulla ut erat id mauris vulputate elementum nullam varius nulla facilisi cras non');
insert into beitech_product values (75, 'Taro Leaves', '1.27', 'nibh in hac habitasse platea dictumst aliquam augue quam sollicitudin vitae consectetuer eget rutrum');
insert into beitech_product values (76, 'Cheese - Ricotta', '6.71', 'fermentum donec ut mauris eget massa tempor convallis nulla neque libero convallis');
insert into beitech_product values (77, 'Langers - Ruby Red Grapfruit', '1.13', 'sit amet consectetuer adipiscing elit proin risus praesent lectus vestibulum quam sapien varius ut blandit non interdum in ante');
insert into beitech_product values (78, 'Beer - Blue', '3.95', 'nunc vestibulum ante ipsum primis in faucibus orci luctus et ultrices posuere cubilia curae mauris viverra diam vitae');
insert into beitech_product values (79, 'Cheese Cloth', '6.39', 'dui proin leo odio porttitor id consequat in consequat ut nulla sed accumsan felis ut at dolor quis odio');
insert into beitech_product values (80, 'Pork - Loin, Bone - In', '1.66', 'duis bibendum morbi non quam nec dui luctus rutrum nulla tellus in sagittis dui vel nisl duis');
insert into beitech_product values (81, 'Oats Large Flake', '0.90', 'massa tempor convallis nulla neque libero convallis eget eleifend luctus ultricies eu nibh quisque id justo sit amet sapien');
insert into beitech_product values (82, 'Coconut - Creamed, Pure', '1.79', 'donec pharetra magna vestibulum aliquet ultrices erat tortor sollicitudin mi sit amet lobortis sapien sapien non mi');
insert into beitech_product values (83, 'Wine - Semi Dry Riesling Vineland', '8.55', 'id lobortis convallis tortor risus dapibus augue vel accumsan tellus nisi eu orci mauris');
insert into beitech_product values (84, 'Honey - Liquid', '6.20', 'luctus et ultrices posuere cubilia curae mauris viverra diam vitae quam suspendisse potenti nullam porttitor');
insert into beitech_product values (85, 'Puree - Strawberry', '4.08', 'nibh in hac habitasse platea dictumst aliquam augue quam sollicitudin vitae consectetuer eget rutrum at lorem integer tincidunt ante');
insert into beitech_product values (86, 'Onions - Cippolini', '7.11', 'id turpis integer aliquet massa id lobortis convallis tortor risus dapibus augue vel accumsan tellus nisi eu orci');
insert into beitech_product values (87, 'Pumpkin', '8.42', 'sed accumsan felis ut at dolor quis odio consequat varius integer ac leo pellentesque ultrices mattis odio donec vitae');
insert into beitech_product values (88, 'Chocolate - Milk Coating', '4.23', 'ut dolor morbi vel lectus in quam fringilla rhoncus mauris enim leo rhoncus sed vestibulum sit amet cursus');
insert into beitech_product values (89, 'Sauce - Salsa', '4.16', 'quisque porta volutpat erat quisque erat eros viverra eget congue eget semper rutrum nulla nunc purus phasellus in felis donec');
insert into beitech_product values (90, 'Pork - Sausage, Medium', '5.26', 'nulla pede ullamcorper augue a suscipit nulla elit ac nulla sed vel enim sit amet nunc viverra');
insert into beitech_product values (91, 'Dehydrated Kelp Kombo', '0.35', 'nulla suspendisse potenti cras in purus eu magna vulputate luctus');
insert into beitech_product values (92, 'Bok Choy - Baby', '8.19', 'ante ipsum primis in faucibus orci luctus et ultrices posuere cubilia curae donec pharetra magna vestibulum aliquet ultrices erat');
insert into beitech_product values (93, 'Cape Capensis - Fillet', '9.26', 'vel sem sed sagittis nam congue risus semper porta volutpat quam pede lobortis ligula sit');
insert into beitech_product values (94, 'Gherkin', '8.32', 'leo rhoncus sed vestibulum sit amet cursus id turpis integer aliquet massa id');
insert into beitech_product values (95, 'Steampan - Lid For Half Size', '6.18', 'massa id nisl venenatis lacinia aenean sit amet justo morbi ut odio cras mi');
insert into beitech_product values (96, 'Soup - Campbells, Minestrone', '1.50', 'dui vel nisl duis ac nibh fusce lacus purus aliquet at feugiat non pretium quis lectus');
insert into beitech_product values (97, 'Pasta - Cannelloni, Sheets, Fresh', '3.09', 'lectus pellentesque eget nunc donec quis orci eget orci vehicula condimentum curabitur in libero ut massa volutpat convallis morbi');
insert into beitech_product values (98, 'Pastry - French Mini Assorted', '4.34', 'vitae nisl aenean lectus pellentesque eget nunc donec quis orci eget orci vehicula condimentum curabitur in libero ut massa');
insert into beitech_product values (99, 'Oil - Olive', '4.29', 'convallis eget eleifend luctus ultricies eu nibh quisque id justo sit amet sapien');
insert into beitech_product values (100, 'Shrimp - 150 - 250', '7.51', 'donec ut dolor morbi vel lectus in quam fringilla rhoncus mauris enim leo rhoncus sed vestibulum sit amet cursus');

-- ProductCustomers Data

insert into beitech_product_customer values (1, 21, 88);
insert into beitech_product_customer values (2, 4, 84);
insert into beitech_product_customer values (3, 24, 40);
insert into beitech_product_customer values (4, 52, 47);
insert into beitech_product_customer values (5, 100, 76);
insert into beitech_product_customer values (6, 49, 73);
insert into beitech_product_customer values (7, 79, 87);
insert into beitech_product_customer values (8, 60, 31);
insert into beitech_product_customer values (9, 72, 99);
insert into beitech_product_customer values (10, 57, 82);
insert into beitech_product_customer values (11, 6, 81);
insert into beitech_product_customer values (12, 45, 91);
insert into beitech_product_customer values (13, 21, 81);
insert into beitech_product_customer values (14, 73, 99);
insert into beitech_product_customer values (15, 21, 4);
insert into beitech_product_customer values (16, 23, 98);
insert into beitech_product_customer values (17, 87, 21);
insert into beitech_product_customer values (18, 35, 40);
insert into beitech_product_customer values (19, 96, 26);
insert into beitech_product_customer values (20, 60, 74);
insert into beitech_product_customer values (21, 50, 40);
insert into beitech_product_customer values (22, 99, 77);
insert into beitech_product_customer values (23, 75, 24);
insert into beitech_product_customer values (24, 74, 86);
insert into beitech_product_customer values (25, 59, 52);
insert into beitech_product_customer values (26, 33, 1);
insert into beitech_product_customer values (27, 89, 28);
insert into beitech_product_customer values (28, 61, 16);
insert into beitech_product_customer values (29, 62, 44);
insert into beitech_product_customer values (30, 70, 76);
insert into beitech_product_customer values (31, 32, 93);
insert into beitech_product_customer values (32, 100, 6);
insert into beitech_product_customer values (33, 55, 28);
insert into beitech_product_customer values (34, 55, 91);
insert into beitech_product_customer values (35, 36, 39);
insert into beitech_product_customer values (36, 6, 39);
insert into beitech_product_customer values (37, 17, 52);
insert into beitech_product_customer values (38, 80, 43);
insert into beitech_product_customer values (39, 36, 52);
insert into beitech_product_customer values (40, 25, 12);
insert into beitech_product_customer values (41, 16, 51);
insert into beitech_product_customer values (42, 81, 30);
insert into beitech_product_customer values (43, 62, 43);
insert into beitech_product_customer values (44, 94, 7);
insert into beitech_product_customer values (45, 81, 57);
insert into beitech_product_customer values (46, 31, 56);
insert into beitech_product_customer values (47, 9, 94);
insert into beitech_product_customer values (48, 38, 2);
insert into beitech_product_customer values (49, 17, 65);
insert into beitech_product_customer values (50, 32, 52);
insert into beitech_product_customer values (51, 16, 19);
insert into beitech_product_customer values (52, 85, 43);
insert into beitech_product_customer values (53, 66, 10);
insert into beitech_product_customer values (54, 82, 35);
insert into beitech_product_customer values (55, 7, 86);
insert into beitech_product_customer values (56, 32, 79);
insert into beitech_product_customer values (57, 63, 11);
insert into beitech_product_customer values (58, 24, 78);
insert into beitech_product_customer values (59, 37, 100);
insert into beitech_product_customer values (60, 97, 79);
insert into beitech_product_customer values (61, 22, 69);
insert into beitech_product_customer values (62, 57, 16);
insert into beitech_product_customer values (63, 40, 90);
insert into beitech_product_customer values (64, 1, 33);
insert into beitech_product_customer values (65, 30, 37);
insert into beitech_product_customer values (66, 20, 57);
insert into beitech_product_customer values (67, 33, 34);
insert into beitech_product_customer values (68, 83, 23);
insert into beitech_product_customer values (69, 68, 43);
insert into beitech_product_customer values (70, 46, 80);
insert into beitech_product_customer values (71, 70, 28);
insert into beitech_product_customer values (72, 23, 80);
insert into beitech_product_customer values (73, 18, 19);
insert into beitech_product_customer values (74, 35, 18);
insert into beitech_product_customer values (75, 71, 44);
insert into beitech_product_customer values (76, 88, 31);
insert into beitech_product_customer values (77, 8, 1);
insert into beitech_product_customer values (78, 75, 87);
insert into beitech_product_customer values (79, 67, 99);
insert into beitech_product_customer values (80, 100, 46);
insert into beitech_product_customer values (81, 63, 42);
insert into beitech_product_customer values (82, 10, 97);
insert into beitech_product_customer values (83, 20, 97);
insert into beitech_product_customer values (84, 58, 92);
insert into beitech_product_customer values (85, 61, 81);
insert into beitech_product_customer values (86, 91, 60);
insert into beitech_product_customer values (87, 43, 74);
insert into beitech_product_customer values (88, 95, 52);
insert into beitech_product_customer values (89, 34, 70);
insert into beitech_product_customer values (90, 39, 71);
insert into beitech_product_customer values (91, 8, 70);
insert into beitech_product_customer values (92, 8, 95);
insert into beitech_product_customer values (93, 36, 61);
insert into beitech_product_customer values (94, 90, 75);
insert into beitech_product_customer values (95, 87, 52);
insert into beitech_product_customer values (96, 8, 73);
insert into beitech_product_customer values (97, 19, 7);
insert into beitech_product_customer values (98, 54, 79);
insert into beitech_product_customer values (99, 48, 10);
insert into beitech_product_customer values (100, 63, 19);
insert into beitech_product_customer values (101, 18, 91);
insert into beitech_product_customer values (102, 41, 60);
insert into beitech_product_customer values (103, 9, 20);
insert into beitech_product_customer values (104, 72, 46);
insert into beitech_product_customer values (105, 16, 63);
insert into beitech_product_customer values (106, 65, 6);
insert into beitech_product_customer values (107, 61, 65);
insert into beitech_product_customer values (108, 93, 88);
insert into beitech_product_customer values (109, 52, 28);
insert into beitech_product_customer values (110, 11, 96);
insert into beitech_product_customer values (111, 98, 29);
insert into beitech_product_customer values (112, 54, 75);
insert into beitech_product_customer values (113, 12, 43);
insert into beitech_product_customer values (114, 40, 82);
insert into beitech_product_customer values (115, 54, 80);
insert into beitech_product_customer values (116, 13, 41);
insert into beitech_product_customer values (117, 84, 47);
insert into beitech_product_customer values (118, 45, 20);
insert into beitech_product_customer values (119, 48, 100);
insert into beitech_product_customer values (120, 63, 49);
insert into beitech_product_customer values (121, 28, 69);
insert into beitech_product_customer values (122, 85, 72);
insert into beitech_product_customer values (123, 65, 89);
insert into beitech_product_customer values (124, 10, 7);
insert into beitech_product_customer values (125, 53, 94);
insert into beitech_product_customer values (126, 19, 64);
insert into beitech_product_customer values (127, 34, 67);
insert into beitech_product_customer values (128, 63, 96);
insert into beitech_product_customer values (129, 50, 79);
insert into beitech_product_customer values (130, 98, 19);
insert into beitech_product_customer values (131, 18, 63);
insert into beitech_product_customer values (132, 68, 63);
insert into beitech_product_customer values (133, 56, 6);
insert into beitech_product_customer values (134, 30, 4);
insert into beitech_product_customer values (135, 19, 95);
insert into beitech_product_customer values (136, 99, 69);
insert into beitech_product_customer values (137, 66, 12);
insert into beitech_product_customer values (138, 6, 54);
insert into beitech_product_customer values (139, 10, 15);
insert into beitech_product_customer values (140, 51, 81);
insert into beitech_product_customer values (141, 5, 78);
insert into beitech_product_customer values (142, 59, 73);
insert into beitech_product_customer values (143, 26, 42);
insert into beitech_product_customer values (144, 2, 14);
insert into beitech_product_customer values (145, 81, 48);
insert into beitech_product_customer values (146, 17, 34);
insert into beitech_product_customer values (147, 26, 39);
insert into beitech_product_customer values (148, 16, 28);
insert into beitech_product_customer values (149, 95, 47);
insert into beitech_product_customer values (150, 80, 14);
insert into beitech_product_customer values (151, 4, 71);
insert into beitech_product_customer values (152, 39, 62);
insert into beitech_product_customer values (153, 55, 79);
insert into beitech_product_customer values (154, 36, 22);
insert into beitech_product_customer values (155, 17, 56);
insert into beitech_product_customer values (156, 95, 35);
insert into beitech_product_customer values (157, 34, 49);
insert into beitech_product_customer values (158, 67, 77);
insert into beitech_product_customer values (159, 98, 10);
insert into beitech_product_customer values (160, 74, 93);
insert into beitech_product_customer values (161, 92, 84);
insert into beitech_product_customer values (162, 71, 100);
insert into beitech_product_customer values (163, 17, 24);
insert into beitech_product_customer values (164, 73, 10);
insert into beitech_product_customer values (165, 38, 37);
insert into beitech_product_customer values (166, 30, 45);
insert into beitech_product_customer values (167, 29, 6);
insert into beitech_product_customer values (168, 68, 13);
insert into beitech_product_customer values (169, 56, 65);
insert into beitech_product_customer values (170, 82, 80);
insert into beitech_product_customer values (171, 64, 91);
insert into beitech_product_customer values (172, 37, 1);
insert into beitech_product_customer values (173, 8, 35);
insert into beitech_product_customer values (174, 86, 100);
insert into beitech_product_customer values (175, 99, 21);
insert into beitech_product_customer values (176, 94, 81);
insert into beitech_product_customer values (177, 40, 64);
insert into beitech_product_customer values (178, 41, 90);
insert into beitech_product_customer values (179, 80, 75);
insert into beitech_product_customer values (180, 97, 71);
insert into beitech_product_customer values (181, 44, 95);
insert into beitech_product_customer values (182, 61, 99);
insert into beitech_product_customer values (183, 69, 82);
insert into beitech_product_customer values (184, 23, 94);
insert into beitech_product_customer values (185, 57, 58);
insert into beitech_product_customer values (186, 90, 98);
insert into beitech_product_customer values (187, 8, 38);
insert into beitech_product_customer values (188, 12, 30);
insert into beitech_product_customer values (189, 22, 72);
insert into beitech_product_customer values (190, 69, 20);
insert into beitech_product_customer values (191, 100, 68);
insert into beitech_product_customer values (192, 14, 40);
insert into beitech_product_customer values (193, 73, 62);
insert into beitech_product_customer values (194, 14, 81);
insert into beitech_product_customer values (195, 43, 81);
insert into beitech_product_customer values (196, 29, 57);
insert into beitech_product_customer values (197, 63, 20);
insert into beitech_product_customer values (198, 25, 3);
insert into beitech_product_customer values (199, 31, 49);
insert into beitech_product_customer values (200, 39, 5);
insert into beitech_product_customer values (201, 94, 60);
insert into beitech_product_customer values (202, 14, 75);
insert into beitech_product_customer values (203, 31, 90);
insert into beitech_product_customer values (204, 80, 30);
insert into beitech_product_customer values (205, 89, 63);
insert into beitech_product_customer values (206, 72, 95);
insert into beitech_product_customer values (207, 72, 72);
insert into beitech_product_customer values (208, 99, 41);
insert into beitech_product_customer values (209, 13, 89);
insert into beitech_product_customer values (210, 52, 21);
insert into beitech_product_customer values (211, 34, 15);
insert into beitech_product_customer values (212, 22, 75);
insert into beitech_product_customer values (213, 10, 28);
insert into beitech_product_customer values (214, 49, 97);
insert into beitech_product_customer values (215, 99, 29);
insert into beitech_product_customer values (216, 53, 35);
insert into beitech_product_customer values (217, 90, 6);
insert into beitech_product_customer values (218, 21, 79);
insert into beitech_product_customer values (219, 35, 57);
insert into beitech_product_customer values (220, 8, 53);
insert into beitech_product_customer values (221, 26, 24);
insert into beitech_product_customer values (222, 43, 24);
insert into beitech_product_customer values (223, 74, 14);
insert into beitech_product_customer values (224, 30, 84);
insert into beitech_product_customer values (225, 71, 50);
insert into beitech_product_customer values (226, 56, 53);
insert into beitech_product_customer values (227, 39, 73);
insert into beitech_product_customer values (228, 61, 90);
insert into beitech_product_customer values (229, 97, 74);
insert into beitech_product_customer values (230, 91, 90);
insert into beitech_product_customer values (231, 35, 4);
insert into beitech_product_customer values (232, 16, 78);
insert into beitech_product_customer values (233, 76, 5);
insert into beitech_product_customer values (234, 75, 99);
insert into beitech_product_customer values (235, 64, 76);
insert into beitech_product_customer values (236, 76, 64);
insert into beitech_product_customer values (237, 60, 84);
insert into beitech_product_customer values (238, 17, 89);
insert into beitech_product_customer values (239, 36, 38);
insert into beitech_product_customer values (240, 81, 1);
insert into beitech_product_customer values (241, 41, 71);
insert into beitech_product_customer values (242, 87, 49);
insert into beitech_product_customer values (243, 21, 22);
insert into beitech_product_customer values (244, 88, 19);
insert into beitech_product_customer values (245, 50, 77);
insert into beitech_product_customer values (246, 95, 83);
insert into beitech_product_customer values (247, 48, 39);
insert into beitech_product_customer values (248, 47, 60);
insert into beitech_product_customer values (249, 27, 2);
insert into beitech_product_customer values (250, 43, 13);
insert into beitech_product_customer values (251, 25, 78);
insert into beitech_product_customer values (252, 58, 55);
insert into beitech_product_customer values (253, 45, 53);
insert into beitech_product_customer values (254, 83, 25);
insert into beitech_product_customer values (255, 99, 8);
insert into beitech_product_customer values (256, 6, 79);
insert into beitech_product_customer values (257, 39, 34);
insert into beitech_product_customer values (258, 72, 57);
insert into beitech_product_customer values (259, 34, 9);
insert into beitech_product_customer values (260, 13, 87);
insert into beitech_product_customer values (261, 84, 13);
insert into beitech_product_customer values (262, 41, 50);
insert into beitech_product_customer values (263, 43, 95);
insert into beitech_product_customer values (264, 32, 89);
insert into beitech_product_customer values (265, 79, 40);
insert into beitech_product_customer values (266, 38, 41);
insert into beitech_product_customer values (267, 30, 35);
insert into beitech_product_customer values (268, 36, 15);
insert into beitech_product_customer values (269, 85, 7);
insert into beitech_product_customer values (270, 76, 75);
insert into beitech_product_customer values (271, 82, 46);
insert into beitech_product_customer values (272, 11, 41);
insert into beitech_product_customer values (273, 18, 83);
insert into beitech_product_customer values (274, 54, 30);
insert into beitech_product_customer values (275, 3, 48);
insert into beitech_product_customer values (276, 40, 79);
insert into beitech_product_customer values (277, 52, 34);
insert into beitech_product_customer values (278, 16, 30);
insert into beitech_product_customer values (279, 33, 80);
insert into beitech_product_customer values (280, 15, 54);
insert into beitech_product_customer values (281, 33, 85);
insert into beitech_product_customer values (282, 27, 17);
insert into beitech_product_customer values (283, 56, 71);
insert into beitech_product_customer values (284, 77, 36);
insert into beitech_product_customer values (285, 73, 92);
insert into beitech_product_customer values (286, 5, 23);
insert into beitech_product_customer values (287, 7, 22);
insert into beitech_product_customer values (288, 93, 38);
insert into beitech_product_customer values (289, 29, 63);
insert into beitech_product_customer values (290, 76, 99);
insert into beitech_product_customer values (291, 42, 59);
insert into beitech_product_customer values (292, 70, 11);
insert into beitech_product_customer values (293, 74, 74);
insert into beitech_product_customer values (294, 1, 50);
insert into beitech_product_customer values (295, 20, 61);
insert into beitech_product_customer values (296, 88, 63);
insert into beitech_product_customer values (297, 14, 98);
insert into beitech_product_customer values (298, 68, 96);
insert into beitech_product_customer values (299, 68, 58);
insert into beitech_product_customer values (300, 86, 32);
insert into beitech_product_customer values (301, 81, 51);
insert into beitech_product_customer values (302, 75, 27);
insert into beitech_product_customer values (303, 55, 44);
insert into beitech_product_customer values (304, 47, 47);
insert into beitech_product_customer values (305, 96, 97);
insert into beitech_product_customer values (306, 5, 87);
insert into beitech_product_customer values (307, 26, 65);
insert into beitech_product_customer values (308, 83, 97);
insert into beitech_product_customer values (309, 64, 32);
insert into beitech_product_customer values (310, 1, 77);
insert into beitech_product_customer values (311, 56, 2);
insert into beitech_product_customer values (312, 59, 45);
insert into beitech_product_customer values (313, 47, 22);
insert into beitech_product_customer values (314, 49, 52);
insert into beitech_product_customer values (315, 99, 19);
insert into beitech_product_customer values (316, 56, 27);
insert into beitech_product_customer values (317, 48, 49);
insert into beitech_product_customer values (318, 19, 65);
insert into beitech_product_customer values (319, 30, 78);
insert into beitech_product_customer values (320, 41, 61);
insert into beitech_product_customer values (321, 77, 1);
insert into beitech_product_customer values (322, 100, 3);
insert into beitech_product_customer values (323, 72, 41);
insert into beitech_product_customer values (324, 77, 41);
insert into beitech_product_customer values (325, 26, 49);
insert into beitech_product_customer values (326, 47, 64);
insert into beitech_product_customer values (327, 37, 82);
insert into beitech_product_customer values (328, 26, 54);
insert into beitech_product_customer values (329, 35, 50);
insert into beitech_product_customer values (330, 39, 50);
insert into beitech_product_customer values (331, 99, 64);
insert into beitech_product_customer values (332, 58, 45);
insert into beitech_product_customer values (333, 47, 88);
insert into beitech_product_customer values (334, 10, 39);
insert into beitech_product_customer values (335, 86, 31);
insert into beitech_product_customer values (336, 15, 6);
insert into beitech_product_customer values (337, 42, 14);
insert into beitech_product_customer values (338, 53, 84);
insert into beitech_product_customer values (339, 4, 62);
insert into beitech_product_customer values (340, 6, 56);
insert into beitech_product_customer values (341, 77, 55);
insert into beitech_product_customer values (342, 28, 13);
insert into beitech_product_customer values (343, 93, 87);
insert into beitech_product_customer values (344, 52, 45);
insert into beitech_product_customer values (345, 38, 77);
insert into beitech_product_customer values (346, 88, 33);
insert into beitech_product_customer values (347, 30, 16);
insert into beitech_product_customer values (348, 10, 21);
insert into beitech_product_customer values (349, 72, 17);
insert into beitech_product_customer values (350, 88, 60);
insert into beitech_product_customer values (351, 34, 13);
insert into beitech_product_customer values (352, 90, 40);
insert into beitech_product_customer values (353, 62, 18);
insert into beitech_product_customer values (354, 28, 41);
insert into beitech_product_customer values (355, 37, 16);
insert into beitech_product_customer values (356, 44, 13);
insert into beitech_product_customer values (357, 20, 28);
insert into beitech_product_customer values (358, 53, 96);
insert into beitech_product_customer values (359, 24, 44);
insert into beitech_product_customer values (360, 56, 75);
insert into beitech_product_customer values (361, 62, 77);
insert into beitech_product_customer values (362, 27, 80);
insert into beitech_product_customer values (363, 54, 37);
insert into beitech_product_customer values (364, 44, 65);
insert into beitech_product_customer values (365, 37, 68);
insert into beitech_product_customer values (366, 13, 32);
insert into beitech_product_customer values (367, 76, 45);
insert into beitech_product_customer values (368, 58, 18);
insert into beitech_product_customer values (369, 29, 26);
insert into beitech_product_customer values (370, 63, 31);
insert into beitech_product_customer values (371, 91, 74);
insert into beitech_product_customer values (372, 94, 52);
insert into beitech_product_customer values (373, 14, 42);
insert into beitech_product_customer values (374, 7, 18);
insert into beitech_product_customer values (375, 14, 53);
insert into beitech_product_customer values (376, 72, 78);
insert into beitech_product_customer values (377, 32, 50);
insert into beitech_product_customer values (378, 37, 95);
insert into beitech_product_customer values (379, 84, 37);
insert into beitech_product_customer values (380, 21, 3);
insert into beitech_product_customer values (381, 44, 80);
insert into beitech_product_customer values (382, 19, 5);
insert into beitech_product_customer values (383, 68, 9);
insert into beitech_product_customer values (384, 56, 44);
insert into beitech_product_customer values (385, 31, 83);
insert into beitech_product_customer values (386, 88, 50);
insert into beitech_product_customer values (387, 33, 76);
insert into beitech_product_customer values (388, 95, 13);
insert into beitech_product_customer values (389, 12, 99);
insert into beitech_product_customer values (390, 77, 5);
insert into beitech_product_customer values (391, 89, 37);
insert into beitech_product_customer values (392, 8, 6);
insert into beitech_product_customer values (393, 41, 66);
insert into beitech_product_customer values (394, 21, 73);
insert into beitech_product_customer values (395, 6, 74);
insert into beitech_product_customer values (396, 89, 75);
insert into beitech_product_customer values (397, 36, 85);
insert into beitech_product_customer values (398, 3, 37);
insert into beitech_product_customer values (399, 73, 3);
insert into beitech_product_customer values (400, 75, 38);
insert into beitech_product_customer values (401, 85, 32);
insert into beitech_product_customer values (402, 72, 8);
insert into beitech_product_customer values (403, 91, 96);
insert into beitech_product_customer values (404, 81, 22);
insert into beitech_product_customer values (405, 7, 77);
insert into beitech_product_customer values (406, 96, 37);
insert into beitech_product_customer values (407, 68, 85);
insert into beitech_product_customer values (408, 68, 62);
insert into beitech_product_customer values (409, 54, 25);
insert into beitech_product_customer values (410, 70, 55);
insert into beitech_product_customer values (411, 81, 20);
insert into beitech_product_customer values (412, 62, 20);
insert into beitech_product_customer values (413, 76, 16);
insert into beitech_product_customer values (414, 2, 82);
insert into beitech_product_customer values (415, 94, 49);
insert into beitech_product_customer values (416, 2, 1);
insert into beitech_product_customer values (417, 9, 78);
insert into beitech_product_customer values (418, 92, 82);
insert into beitech_product_customer values (419, 74, 53);
insert into beitech_product_customer values (420, 46, 15);
insert into beitech_product_customer values (421, 68, 89);
insert into beitech_product_customer values (422, 5, 61);
insert into beitech_product_customer values (423, 80, 67);
insert into beitech_product_customer values (424, 60, 22);
insert into beitech_product_customer values (425, 98, 27);
insert into beitech_product_customer values (426, 98, 50);
insert into beitech_product_customer values (427, 29, 36);
insert into beitech_product_customer values (428, 59, 61);
insert into beitech_product_customer values (429, 81, 75);
insert into beitech_product_customer values (430, 82, 91);
insert into beitech_product_customer values (431, 42, 79);
insert into beitech_product_customer values (432, 33, 44);
insert into beitech_product_customer values (433, 45, 75);
insert into beitech_product_customer values (434, 80, 10);
insert into beitech_product_customer values (435, 46, 56);
insert into beitech_product_customer values (436, 48, 26);
insert into beitech_product_customer values (437, 42, 33);
insert into beitech_product_customer values (438, 58, 86);
insert into beitech_product_customer values (439, 66, 61);
insert into beitech_product_customer values (440, 94, 91);
insert into beitech_product_customer values (441, 7, 78);
insert into beitech_product_customer values (442, 83, 46);
insert into beitech_product_customer values (443, 16, 4);
insert into beitech_product_customer values (444, 33, 28);
insert into beitech_product_customer values (445, 8, 48);
insert into beitech_product_customer values (446, 61, 40);
insert into beitech_product_customer values (447, 1, 8);
insert into beitech_product_customer values (448, 78, 86);
insert into beitech_product_customer values (449, 59, 62);
insert into beitech_product_customer values (450, 11, 63);
insert into beitech_product_customer values (451, 11, 72);
insert into beitech_product_customer values (452, 50, 48);
insert into beitech_product_customer values (453, 36, 58);
insert into beitech_product_customer values (454, 55, 80);
insert into beitech_product_customer values (455, 81, 46);
insert into beitech_product_customer values (456, 77, 87);
insert into beitech_product_customer values (457, 87, 83);
insert into beitech_product_customer values (458, 39, 92);
insert into beitech_product_customer values (459, 64, 79);
insert into beitech_product_customer values (460, 4, 21);
insert into beitech_product_customer values (461, 3, 6);
insert into beitech_product_customer values (462, 17, 72);
insert into beitech_product_customer values (463, 78, 29);
insert into beitech_product_customer values (464, 81, 33);
insert into beitech_product_customer values (465, 40, 54);
insert into beitech_product_customer values (466, 32, 61);
insert into beitech_product_customer values (467, 43, 59);
insert into beitech_product_customer values (468, 52, 53);
insert into beitech_product_customer values (469, 75, 22);
insert into beitech_product_customer values (470, 46, 84);
insert into beitech_product_customer values (471, 18, 48);
insert into beitech_product_customer values (472, 22, 7);
insert into beitech_product_customer values (473, 63, 26);
insert into beitech_product_customer values (474, 15, 96);
insert into beitech_product_customer values (475, 28, 77);
insert into beitech_product_customer values (476, 58, 8);
insert into beitech_product_customer values (477, 68, 57);
insert into beitech_product_customer values (478, 10, 58);
insert into beitech_product_customer values (479, 13, 13);
insert into beitech_product_customer values (480, 99, 79);
insert into beitech_product_customer values (481, 34, 27);
insert into beitech_product_customer values (482, 56, 37);
insert into beitech_product_customer values (483, 36, 97);
insert into beitech_product_customer values (484, 45, 50);
insert into beitech_product_customer values (485, 10, 100);
insert into beitech_product_customer values (486, 22, 2);
insert into beitech_product_customer values (487, 19, 12);
insert into beitech_product_customer values (488, 35, 82);
insert into beitech_product_customer values (489, 30, 82);
insert into beitech_product_customer values (490, 56, 14);
insert into beitech_product_customer values (491, 49, 29);
insert into beitech_product_customer values (492, 65, 36);
insert into beitech_product_customer values (493, 67, 42);
insert into beitech_product_customer values (494, 47, 27);
insert into beitech_product_customer values (495, 52, 32);
insert into beitech_product_customer values (496, 91, 98);
insert into beitech_product_customer values (497, 5, 81);
insert into beitech_product_customer values (498, 49, 37);
insert into beitech_product_customer values (499, 54, 63);
insert into beitech_product_customer values (500, 47, 86);
